Prompt,Response
What are the common reasons for loan processing delays?,"Common reasons for loan processing delays include incomplete documentation, high volumes of applications during peak times, and inefficiencies in manual processing systems. We are working on addressing these issues through automation and better document management."
How do adjustable-rate mortgages compare to fixed-rate mortgages?,"Adjustable-rate mortgages typically offer lower initial interest rates compared to fixed-rate mortgages. However, their rates can increase over time based on market conditions, which may result in higher payments in the future. Fixed-rate mortgages provide stability with consistent payments throughout the loan term. Common reasons for loan processing delays include incomplete documentation, high volumes of applications during peak times, and inefficiencies in manual processing systems. We are working on addressing these issues through automation and better document management."
What trends are emerging in the real estate investment market?,"Emerging trends in real estate investment include increased interest in sustainable and energy-efficient properties, the growth of urban residential areas, and diversification into commercial real estate sectors such as co-working spaces."
How does our organization handle market risk?,"Our organization manages market risk through various strategies, including diversification of investments, hedging against market fluctuations, and ongoing analysis of market conditions to make informed decisions."
What steps are being taken to improve loan processing efficiency?,"Steps to improve loan processing efficiency include implementing automated systems to reduce manual tasks, streamlining document submission processes, and enhancing staff training for quicker turnaround times."
What are the benefits of investing in tech startups?,"Investing in tech startups offers benefits such as high growth potential, innovation opportunities, and the chance to be involved in cutting-edge technologies. However, it also comes with higher risk due to market volatility and startup failures."
How do we ensure high customer satisfaction in our service?,"We ensure high customer satisfaction by providing responsive support, addressing feedback promptly, and continuously improving our service offerings. Regular training and performance evaluations help maintain service quality."
What factors contribute to our risk management strategies?,"Our risk management strategies involve identifying potential risks, implementing mitigation measures, and regularly reviewing and updating our policies to address emerging risks. We also use data analysis to predict and manage potential issues."
What is our approach to handling market volatility?,"Our approach to handling market volatility includes using hedging techniques, diversifying our investment portfolio, and maintaining a proactive strategy to adjust investments based on market trends and forecasts."
How does our client loyalty program work?,"Our client loyalty program offers rewards based on the client's engagement and history with our company. Benefits include discounts on services, exclusive offers, and personalized service enhancements."
What are the current challenges in our mortgage offerings?,"Current challenges in our mortgage offerings include adapting to changing interest rates, addressing the needs of diverse borrower profiles, and managing regulatory requirements. We are continuously working on solutions to address these challenges."
What are the key features of our automated loan processing systems?,"Key features of our automated loan processing systems include faster application reviews, reduced manual errors, and improved data integration. These systems help speed up the overall processing time and enhance accuracy."
How effective are our current risk mitigation policies?,Our current risk mitigation policies are effective in minimizing potential losses and managing risks. We regularly review these policies to ensure they are aligned with current market conditions and best practices.
What opportunities are there for diversification in real estate investments?,"Opportunities for diversification in real estate investments include exploring different property types, investing in emerging markets, and combining residential with commercial properties to balance risk and return."
How do we assess the creditworthiness of loan applicants?,"We assess the creditworthiness of loan applicants through a comprehensive review of their credit history, income verification, and financial stability. This process helps us evaluate the risk of default and make informed lending decisions."
What improvements have been made to our customer service training?,"Improvements to our customer service training include updated modules on handling complex queries, enhanced communication skills training, and regular workshops to keep staff informed about best practices."
What is the impact of recent market changes on our investment strategies?,"Recent market changes impact our investment strategies by introducing new opportunities and risks. We continuously adapt our strategies based on market analysis, economic indicators, and investment performance."
How do we adapt our loan processing to peak times?,"To adapt our loan processing to peak times, we implement temporary increases in staffing, prioritize applications based on urgency, and use additional resources to manage the increased volume efficiently."
What recent innovations have been introduced in our investment approach?,"Recent innovations in our investment approach include adopting new technologies for better market analysis, exploring alternative investment vehicles, and leveraging data analytics to identify emerging opportunities."
How do we maintain consistency in client service quality?,"We maintain consistency in client service quality through standardized procedures, regular training, performance monitoring, and feedback mechanisms to ensure that all clients receive a uniform and high standard of service."
